{
	"Spillere": {
		"Laliga": {
			"L001": {
				"Name": "L. Messi",
				"Age": 31,
				"Photo": "https://cdn.sofifa.org/players/4/19/158023.png",
				"Nationality": "Argentina",
				"Team": "Barcelona",
				"position":"VV"

			},

			"L002": {
				"Name": "Sergio Busquets",
				"Age": 29,
				"Photo": "https://cdn.sofifa.org/players/4/19/189511.png",
				"Nationality": "Spain",
				"Team": "Barcelona",
				"position":"DM"

			},

			"L003": {
				"Name": "Piqué",
				"Age": 31,
				"Photo": "https://cdn.sofifa.org/players/4/19/152729.png",
				"Nationality": "Spain",
				"Team": "Barcelona",
				"position":"MS"

			},

			"L004": {
				"Name": "Diego Costa",
				"Age": 29,
				"Photo": "https://cdn.sofifa.org/players/4/19/179844.png",
				"Nationality": "Spain",
				"Team": "Atlético Madrid",
				"position": "SA"

			},

			"L005": {
				"Name": "Sergio Ramos",
				"Age": 32,
				"Photo": "https://cdn.sofifa.org/players/4/19/155862.png",
				"Nationality": "Spain",
				"Team": "Real Madrid",
				"position": "MS"

				},


				"L006": {
            "Name": "Casillas",
            "Age": 37,
            "Photo": "https://cdn.sofifa.org/players/4/19/5479.png",
            "Nationality": "Spain",
						"Team": "FC Porto",
						"position":"KE"

					},


					"L007": {
	            "Name": "K. Benzema",
	            "Age": 30,
	            "Photo": "https://cdn.sofifa.org/players/4/19/165153.png",
	            "Nationality": "France",
							"Team":"Real Madrid",
							"position":"SA"

							}

						},



		"PremierLeague": {
			"E001": {
				"Name": "M. Salah",
				"Age": 26,
				"Photo": "https://cdn.sofifa.org/players/4/19/209331.png",
				"Nationality": "Egypt",
				"Team": "Liverpool",
				"position":"HV"

			},

			"E002": {
				"Name": "De Gea",
				"Age": 27,
				"Photo": "https://cdn.sofifa.org/players/4/19/193080.png",
				"Nationality": "Spain",
				"Team": "Manchester United",
				"position":"KE"



			},

			"E003": {
				"Name": "M. Rashford",
				"Age": 20,
				"Photo": "https://cdn.sofifa.org/players/4/19/231677.png",
				"Nationality": "England",
				"Team": "Manchester United",
				"position": "LV"


			},

			"E004": {
				"Name": "R. Lukaku",
				"Age": 25,
				"Photo": "https://cdn.sofifa.org/players/4/19/192505.png",
				"Nationality": "Belgium",
				"Team": "Manchester United",
				"position":"SA"


			},

			"E005": {
				"Name": "J. Lingard",
				"Age": 25,
				"Photo": "https://cdn.sofifa.org/players/4/19/207494.png",
				"Nationality": "England",
				"Team": "Manchester United",
				"position": "HV"

			}
		}
	}
}
